customer_id,data_transaction,transaction_value
1,2023-03-10,939.6995934852558
1,2023-05-20,332.49778764404084
1,2023-12-21,167.31697051769294
1,2024-01-09,309.3054339555708
1,2024-01-12,413.389154348736
2,2023-02-07,115.24327983013438
2,2023-07-21,221.85930538557753
2,2023-12-20,134.84198367180196
3,2023-05-19,191.13216686146248
3,2023-08-01,330.08012186162864
3,2024-02-03,580.2355627693792
4,2023-03-26,491.12970187828546
4,2023-09-22,148.2702363087748
4,2023-11-05,963.1343234405507
4,2023-11-21,677.2455104489367
5,2023-07-22,700.0368530032697
5,2023-11-19,391.39916814876375
5,2023-12-06,904.0562274056815
6,2023-05-15,31.927925110490946
6,2023-12-15,326.7370285497984
7,2023-05-12,917.8094624201434
7,2023-07-08,104.49710310926903
8,2023-06-21,724.1995121338385
8,2023-07-20,747.3638100155758
8,2024-02-01,172.48044026732092
9,2023-05-27,438.0078771220613
9,2023-07-05,392.48258872236744
10,2023-08-06,702.2949941482304
11,2023-01-29,526.4307074622049
11,2023-07-31,294.2299774791259
11,2023-08-20,464.21229668599915
12,2023-03-02,141.25819003178353
12,2023-04-21,825.8200042240575
13,2023-01-23,296.9450635482346
13,2023-07-18,982.4379062440759
14,2023-03-20,464.27380158686583
14,2023-06-25,321.8157522087122
14,2023-08-20,669.78452922037
14,2023-12-07,126.48328214225454
15,2023-02-02,31.745796631715166
15,2023-02-26,428.1577868417334
15,2023-04-12,355.86296202129796
15,2023-05-02,86.50546903326767
15,2023-07-05,202.9656352016383
15,2023-08-29,769.2106433427915
16,2023-01-17,608.1840201832323
16,2023-10-19,816.5732879362291
17,2023-04-19,702.1730746721498
17,2023-06-27,386.3727416302326
17,2023-10-15,698.0217581019559
17,2024-01-10,885.7764842675857
18,2023-01-13,826.3065518012431
18,2023-01-14,85.25687763412796
18,2023-06-01,55.73992053694926
18,2023-06-11,704.9426713330414
19,2023-01-03,415.9454217251499
19,2023-01-23,182.80691813714463
19,2024-01-21,186.95683430754337
20,2023-01-29,857.3501244619582
20,2023-03-19,911.814161797181
20,2023-05-21,218.25499884683495
20,2024-01-08,211.4690412366496
20,2024-01-24,242.35169992391678
21,2023-01-15,584.3458689931646
21,2023-07-01,890.012807403028
21,2023-09-02,34.709383198737235
21,2023-10-21,551.6893245519517
22,2023-01-08,301.503814436031
22,2023-04-03,276.75222717082926
22,2023-04-24,517.1752480299621
22,2023-06-19,103.95505048462907
22,2023-07-12,265.9222729694409
22,2023-10-10,177.187702637567
23,2023-06-02,42.2051165411116
23,2023-11-18,826.7934005026074
24,2023-06-18,891.9583707254486
24,2023-08-16,133.365411251404
24,2023-09-19,871.2324823399173
25,2023-05-28,838.0503665111302
25,2023-11-11,408.3262314901924
26,2023-01-22,105.6191214753136
26,2023-03-31,58.67335778050356
26,2023-08-30,344.37099682372553
27,2023-03-26,38.911043813450846
27,2023-04-15,938.630338028672
27,2023-06-02,941.3684625878104
28,2023-03-22,920.1851704753589
28,2023-04-26,340.7339011959319
28,2023-05-14,298.19526659753313
28,2023-06-22,550.6901385194783
28,2023-08-07,732.8791968220265
28,2023-10-05,885.7930381309236
28,2023-12-03,498.29902639236445
28,2024-01-20,350.21069148458236
29,2023-07-28,882.6907711857704
29,2023-09-24,153.0953406729582
29,2023-11-05,129.26319740203974
29,2023-12-13,101.13984987766344
30,2023-01-09,825.4328446130315
30,2023-06-14,681.4639119823709
30,2024-01-20,137.6598777056543
31,2023-06-19,788.7940563559699
31,2023-08-08,532.7173833358951
32,2023-04-11,129.79842721792323
32,2023-10-12,700.6261653342847
32,2023-10-19,853.1512249516854
33,2023-06-07,923.0898785791911
34,2023-03-01,875.8607971087297
34,2023-04-15,608.9043875052548
34,2023-05-23,886.1697734823638
34,2023-08-26,376.220090659588
34,2023-11-02,804.6917545863876
34,2023-12-03,903.8217292312169
35,2023-01-22,173.5010468588435
35,2023-12-01,630.6399610070648
36,2023-01-12,264.4069591300704
36,2023-02-25,982.2930470019962
36,2023-07-22,13.817170098396634
36,2023-12-09,557.8481206957674
36,2023-12-30,137.6981656640537
36,2024-01-24,55.30205124362332
37,2023-02-16,586.0110779955781
37,2023-06-09,433.0727089874139
37,2023-10-13,358.0295323161743
38,2023-04-01,703.0586857422053
39,2023-04-13,967.9130184736024
39,2023-07-31,492.7244824225693
39,2023-11-30,330.97638387406795
40,2023-01-04,725.2835637208766
40,2023-04-17,401.74435053425725
40,2023-06-21,78.54042379239806
40,2023-11-11,904.1425958793155
41,2023-06-26,15.263240649397467
41,2023-06-30,271.412474405439
41,2023-07-16,765.1290170006043
41,2023-07-28,189.61437639886273
41,2023-10-25,66.70948969392785
41,2023-11-09,38.3291502907569
41,2024-01-25,719.3420297406311
42,2023-03-15,834.0052005042946
42,2023-06-18,386.29708147416414
42,2023-06-21,324.20473598446597
42,2023-10-06,627.6613110374653
42,2023-10-15,696.3939045458843
42,2024-02-01,175.08824709390873
43,2023-07-30,715.6824978051635
43,2023-11-24,25.320414154090848
43,2023-12-08,686.6092795391945
44,2023-02-12,660.1215838793262
44,2023-03-20,31.906147381554376
44,2023-08-10,481.6620839795272
44,2024-01-22,296.69080313552763
44,2024-02-01,784.1404843063215
44,2024-02-02,428.00917311728165
45,2023-02-12,142.66269427605516
45,2023-06-03,521.8254491840468
45,2023-07-02,453.75689486322767
45,2023-07-06,544.4098301565896
45,2024-01-04,394.754371588677
46,2023-03-19,38.98727815681394
46,2023-05-05,96.40348055448462
46,2023-11-16,248.40839505756446
47,2023-03-08,809.3702058960913
47,2023-04-13,571.7026638922517
47,2023-06-13,180.94903300363578
47,2023-07-11,113.42026923249851
47,2023-08-29,152.99842651889617
47,2024-02-03,902.2424183549159
48,2023-02-12,793.3940565064621
48,2023-02-19,980.9006507258941
48,2023-02-25,146.34018355943442
48,2023-05-14,372.7587991709127
48,2023-06-20,590.1210032085638
48,2023-07-25,716.4319358420029
48,2023-07-26,893.3096971028489
48,2023-10-25,85.58537294779451
48,2023-11-14,546.4489126024987
49,2023-02-07,16.338513991977763
49,2023-05-18,23.178931517565495
49,2023-05-21,575.3702971674181
49,2023-06-21,980.9607487604417
50,2023-05-23,12.370555357864685
50,2023-12-18,864.6370811799543
51,2023-04-21,16.499590986004193
51,2023-06-09,739.4239564238046
51,2023-07-10,816.9262813034144
51,2023-09-05,637.1797705875254
51,2023-11-29,526.9550101876662
51,2023-12-11,443.63833625995034
52,2023-04-18,172.56284350453464
52,2023-08-28,293.0387166889295
52,2023-09-30,98.1222013235285
53,2023-09-15,896.9232299372256
53,2024-01-12,39.279117661845135
54,2023-02-08,374.7841597316906
54,2023-07-30,956.8609780965608
54,2023-08-27,130.1026680750427
54,2023-12-07,501.3758194872072
54,2023-12-18,937.0179971349264
55,2023-08-17,146.5573081498373
55,2023-09-17,999.1304726297964
55,2024-01-11,936.8674950514056
56,2023-03-14,713.4544561173007
56,2023-06-25,389.34508386850774
57,2023-10-11,701.6326334050435
58,2023-06-01,42.775290616855806
58,2023-10-29,313.40228811250745
58,2024-01-16,911.4921615769747
59,2023-07-20,431.1735964172104
60,2023-04-03,171.77249435243772
60,2023-06-17,482.64113181146143
60,2023-08-15,459.7736510508256
60,2023-12-09,974.7317807690674
60,2023-12-27,574.5766124802383
60,2024-01-16,775.965881518675
60,2024-01-18,261.47928753151416
61,2023-02-10,255.91401980269487
61,2023-06-03,388.09132999294314
61,2023-09-22,806.6622664851627
62,2023-04-27,367.58193630004945
62,2023-07-04,534.8140626840477
63,2023-05-31,423.39163475910067
64,2023-01-22,668.6459842323183
64,2023-08-06,470.2666880006978
64,2023-11-02,646.5443018178595
64,2023-11-08,674.7157673269418
64,2023-11-20,614.7270265752522
65,2023-06-16,118.18058359061081
65,2023-11-08,531.1492326840221
65,2023-12-26,380.9564257376113
65,2024-01-15,667.8774335164974
66,2023-01-22,458.5044244378076
66,2023-04-13,919.9110675260246
66,2023-08-15,100.8658763052803
66,2024-01-06,840.277941239563
67,2023-01-15,248.93741779079065
67,2023-03-15,630.286134403508
67,2023-03-28,947.4231947188117
68,2023-04-14,784.4562479478341
68,2023-05-22,32.936419421765535
68,2023-09-26,571.1333106026061
68,2023-11-30,804.5966534296723
68,2023-12-25,953.3292955688672
69,2023-01-19,525.08667058014
69,2023-01-28,797.4078500096259
69,2023-04-13,52.544092288306814
70,2023-02-05,715.7969605655082
70,2023-05-02,86.33065375887679
70,2023-05-04,449.07142717660525
71,2023-01-07,981.2657385500858
71,2023-09-26,908.0331376457791
71,2023-11-21,557.8433368185028
72,2023-03-17,459.815465914849
72,2023-03-28,571.4248483581781
72,2023-12-11,606.4127835734519
72,2023-12-26,578.8357570327897
72,2023-12-26,966.1208940879861
73,2023-04-28,30.89890893391416
73,2023-05-02,567.5146276995802
73,2023-07-19,699.979820555263
73,2023-08-19,710.8163716567843
74,2023-01-15,165.9279976409448
74,2023-01-22,180.62130318477847
75,2023-03-24,328.09454917284603
75,2023-11-23,827.9463559303939
75,2023-11-24,583.2347966464033
75,2023-12-04,232.10020553015676
76,2023-03-25,566.006501584993
76,2023-04-14,88.81879888657
76,2023-06-23,203.16225782122586
76,2023-07-09,413.8418053149826
76,2023-08-21,757.8120452185017
76,2023-09-20,344.80543152009415
76,2023-11-05,271.19665152918645
77,2023-06-18,48.322347065461585
77,2023-09-19,174.248548229586
77,2023-10-11,428.3345929739853
78,2023-09-14,677.2318878671268
78,2023-10-10,110.94695314426718
78,2023-11-18,429.4711393521701
78,2023-11-27,515.1028282748712
78,2023-12-12,422.8404008578782
79,2023-03-30,499.7165142875833
79,2024-01-09,732.3376282895713
80,2023-06-06,228.47933071861803
80,2023-07-13,337.69099116676125
80,2023-10-27,433.47618966608405
80,2023-10-28,479.8425917943954
80,2023-11-16,184.87091004956562
80,2023-12-17,895.5752402872241
81,2023-07-11,32.16122562734023
81,2023-12-27,153.78687198163038
82,2023-03-09,172.15621551052652
82,2023-10-05,266.4915099438389
82,2023-10-23,506.56953284703013
83,2023-01-06,457.89245918612795
83,2023-05-29,260.88908990556513
83,2023-08-06,458.368311362754
83,2023-09-13,438.75179025616967
83,2023-10-07,998.5026825802228
84,2023-01-26,49.640658728016454
84,2023-02-03,504.74466570611474
84,2023-02-04,797.8294927184144
84,2023-02-10,777.3306887863706
84,2023-03-13,266.43338627364807
84,2023-03-31,531.4049765450682
84,2023-04-22,125.92442492073371
85,2023-02-14,683.5330666422187
85,2023-05-13,508.83218349284454
85,2023-08-03,85.29129510960709
85,2023-11-29,486.40678700946125
85,2023-12-14,811.0691600416523
85,2024-01-19,307.9586618427292
86,2023-03-16,31.216240682476112
87,2023-01-16,289.0851981119991
87,2023-03-04,200.2995315466206
87,2023-03-20,630.025391293734
87,2023-07-09,881.8702125505666
87,2023-07-27,704.9792712912886
87,2023-12-02,535.3206505331386
88,2023-03-29,366.62692828037507
88,2023-07-01,802.0587556034226
88,2023-10-20,668.5330646413956
88,2023-12-13,395.9359762480205
89,2023-03-04,978.582939214291
89,2023-03-11,326.08108401137645
89,2023-05-06,629.1160648834198
89,2023-05-16,616.3334159976222
89,2023-06-12,692.7549802854008
89,2023-08-23,987.2818320586723
89,2023-10-15,594.6092683639222
90,2023-06-05,902.2348189825425
90,2023-08-06,686.8852294020005
90,2023-09-23,98.22010496219436
91,2023-03-05,545.9049979393654
91,2023-06-05,228.20371677241064
91,2023-09-23,438.1893167266188
91,2023-10-07,596.5197464995842
92,2023-04-05,613.4820985439213
92,2023-08-10,699.2195166616884
92,2023-12-23,40.91254677100805
92,2024-01-21,998.6120819456571
93,2023-02-04,864.666980152223
93,2023-02-13,610.4509564779779
93,2023-06-13,874.2773136186067
93,2023-08-27,526.4293798154393
93,2023-10-06,314.08928318998295
93,2023-11-20,435.3860206715671
94,2023-01-13,558.8015617651215
94,2023-02-07,611.365057239409
94,2023-03-20,496.5367110715818
94,2023-04-03,300.52576855318074
94,2023-05-10,291.05655942642545
94,2023-09-21,483.10056537505983
94,2023-10-15,460.5373337408696
94,2023-10-17,933.8435264001588
94,2023-11-16,619.8764903459875
94,2024-01-15,889.7417903221509
94,2024-01-18,902.2242287336011
95,2023-08-31,547.0552065687424
95,2024-01-07,673.5271255660809
95,2024-01-31,382.12020332104385
96,2023-01-30,714.1994733481613
96,2023-02-23,845.2302526825378
96,2023-12-09,870.8877003627002
96,2024-01-09,43.49629816119404
97,2023-02-15,216.7808252324614
97,2023-06-19,482.1549930698516
97,2023-08-13,229.05893233482144
97,2023-08-23,21.45116387110938
98,2023-04-06,841.1708511419232
98,2023-04-28,556.2475233138248
98,2023-07-09,582.2547646290502
98,2023-08-05,856.7326241645441
98,2023-12-17,572.3547756030878
99,2023-03-17,141.26015613349128
99,2023-03-22,898.0845933358335
99,2023-06-22,208.10582002340826
99,2023-08-24,336.71102269967014
100,2023-05-07,70.22123988082251
100,2023-08-27,243.76812528219435
100,2023-11-09,271.3060101855633
100,2024-01-25,227.64480928145895
101,2023-02-28,121.99972884884993
101,2023-11-29,432.2764423997843
102,2023-09-09,804.5391159587866
102,2023-11-03,156.51944177954644
103,2023-02-02,579.8177170964286
103,2023-02-14,454.84608477091325
103,2023-07-10,114.30143346943316
103,2023-11-30,193.97438841232787
103,2023-12-26,729.0155929538147
104,2023-02-13,365.7094330690823
105,2023-01-04,758.5564040228227
105,2023-08-02,120.1876763261837
105,2023-09-24,463.25570580521133
106,2023-05-18,990.211157314026
106,2023-06-20,461.5911800800258
106,2023-11-17,711.7158297624162
107,2023-03-12,219.70215985590917
107,2023-04-26,712.1812141769682
107,2023-06-19,497.1118424599242
107,2023-09-24,465.0396436764892
108,2023-05-22,536.9849251243934
108,2023-10-26,233.33712050844034
109,2023-01-25,517.6102565052125
109,2023-05-14,128.7205693353664
109,2023-09-23,505.18888202894317
109,2023-12-08,808.0381252833185
109,2024-01-03,521.6384186606967
110,2023-03-31,512.8361678884171
110,2023-04-05,864.1003096580017
110,2023-04-15,270.97968480207044
110,2023-07-03,956.8477826787566
110,2023-07-21,490.84770812143796
111,2023-03-17,874.5452171432719
111,2023-04-14,545.0648860714088
111,2023-08-18,170.3694527307764
111,2023-08-20,918.3108542327618
111,2023-11-10,858.9477281220055
111,2023-11-17,716.6822925001101
111,2023-12-31,836.4262109205132
112,2023-02-14,600.587657985718
112,2023-03-04,649.4079607091611
112,2023-06-30,497.55935994820385
112,2023-07-26,267.1083695518642
112,2023-08-26,376.91199602476235
112,2023-09-19,402.8416817177269
112,2023-10-05,686.9434627864313
113,2023-05-11,545.3195179755122
113,2023-08-21,197.6053772511231
113,2023-10-07,950.2831192583723
114,2023-01-21,334.74185406250496
114,2023-02-06,522.6462972169226
114,2023-03-23,818.1789519583381
114,2023-04-30,736.7243469530039
114,2023-05-16,348.8201093576784
115,2023-04-11,23.120763690026987
115,2023-04-24,658.1062483244983
115,2023-05-03,292.9075209505277
115,2023-05-31,93.56384657673189
115,2024-01-20,247.31605620593592
116,2023-01-14,369.2291357348431
116,2023-02-06,586.2352139615285
116,2023-08-07,566.5590402393949
116,2023-10-19,136.6070641134581
117,2023-01-10,840.6711153670946
117,2023-08-25,684.1999271016223
117,2023-11-13,711.6501761502394
117,2024-01-02,248.5763397554205
118,2023-01-29,398.6708047809475
118,2023-04-04,667.6178619510154
118,2023-06-03,111.25275735681966
118,2023-09-16,510.92005232306013
118,2023-11-03,734.1151301540997
119,2023-03-09,350.4758134511482
119,2023-04-22,75.52266034383669
119,2023-06-18,128.13288738616365
119,2023-12-22,862.571455792517
120,2023-03-29,801.7944138661564
120,2023-06-08,441.6407488117011
120,2023-07-07,772.9242761467418
120,2023-08-22,682.3588269752913
120,2023-10-24,305.8133241573987
120,2023-11-05,475.95450752078466
120,2023-11-05,67.40733852351767
120,2023-11-09,254.54834379437114
120,2023-11-10,291.3861124116315
121,2023-09-24,544.5872850436587
122,2023-01-31,602.3062869372932
122,2023-03-07,143.9762509002218
122,2023-05-15,584.0869449746458
122,2023-08-01,188.1335356518017
122,2024-01-23,35.57033640106625
123,2023-04-19,65.3607103237938
123,2023-10-28,273.0299590312862
124,2023-07-14,874.814978868368
124,2023-08-18,114.43361521776988
124,2023-09-02,439.5456922973947
124,2023-09-24,408.4950815063556
124,2023-10-08,157.8316588326989
125,2023-01-31,876.2595657515518
125,2023-02-27,216.5339653074712
125,2023-06-14,175.96876962107117
125,2024-01-16,216.28284241257683
126,2023-04-07,420.1328412020232
127,2023-08-02,16.567476745035876
127,2023-10-31,84.11221421925944
127,2023-11-12,661.8198572641573
128,2023-02-25,383.5107634107806
128,2023-04-22,575.0967434110719
128,2023-10-04,292.4928738341014
128,2023-11-03,997.5165923747554
128,2023-11-05,884.3153212021824
128,2024-01-11,191.69861220441118
129,2023-03-07,633.278052970214
129,2023-05-24,822.6357961320817
129,2023-09-27,283.7057707792041
130,2023-03-18,151.12946120146435
130,2023-04-15,800.2545727289454
130,2023-05-27,883.0369797486849
130,2023-06-14,55.742030364732535
130,2023-07-22,589.9504033266784
130,2023-08-13,45.87141778009327
131,2023-01-24,733.5773217435651
131,2023-07-09,391.3454589497003
131,2023-10-28,813.6350220277468
131,2023-10-31,670.6738610371532
131,2024-01-19,757.0420127282292
131,2024-01-22,270.4149017039676
132,2023-01-04,202.6073793607346
132,2023-06-18,41.786716699503614
132,2023-06-22,414.45866146617016
132,2023-11-10,11.438035592500166
133,2023-02-07,383.6787858670736
133,2023-03-02,121.97579830897959
133,2023-04-16,214.7779436403965
133,2023-05-19,586.6052477243028
133,2023-08-15,464.50425356824917
133,2023-09-11,36.962687922105815
133,2023-09-22,655.9328825217217
133,2023-12-13,926.8593633088673
133,2024-01-01,228.89787666292747
134,2023-10-13,873.8165410689497
134,2024-01-09,957.342840972261
135,2023-01-15,990.2186127831476
135,2023-03-05,538.8897480312485
135,2023-04-21,628.6790153137592
135,2023-08-25,289.9895239225861
136,2024-01-09,76.85773696631286
137,2023-10-18,729.6297617135809
137,2023-10-21,600.2575676512276
137,2023-10-25,149.29212635428416
138,2023-08-14,929.2743717907665
138,2023-09-16,647.8865272302586
139,2023-01-13,667.0302036944169
139,2023-04-05,779.2061215529349
139,2023-08-01,345.91522642943016
139,2023-11-06,618.494482117762
140,2023-03-23,377.9324892944644
140,2023-05-27,617.5969224850877
140,2023-10-27,557.5760266557568
141,2023-05-16,322.01167161450866
142,2023-09-11,82.8966211574055
142,2023-11-10,41.58582452585652
142,2023-12-09,398.8201859257083
142,2024-01-21,426.4993908208225
143,2023-06-28,581.9493796107495
143,2023-11-18,222.13324208066658
144,2023-02-05,890.3177274838501
144,2023-03-29,849.7475428467652
144,2023-04-30,410.24154646972164
144,2023-08-15,467.65761768285614
146,2023-01-12,179.02637356864247
146,2023-05-31,487.83342367119343
146,2023-09-05,305.80188192769765
146,2023-10-30,101.07714264398847
146,2023-12-02,862.760142976286
147,2023-04-14,517.8777701748625
147,2023-07-04,781.8409984552346
147,2023-07-18,694.0752529023279
148,2023-05-02,170.20249377737025
148,2024-01-12,627.4510748807259
149,2023-07-01,289.3076498842323
149,2023-07-09,287.0877916924614
149,2023-07-18,512.1329673868962
149,2023-10-10,498.62508266496855
149,2023-10-12,342.70664867244653
149,2023-12-22,481.0686401715313
150,2023-02-10,771.5870243487483
150,2023-05-03,816.5904976347449
150,2023-05-19,125.28868534272655
150,2023-08-10,757.9847161098336
151,2023-02-09,96.13043762029136
151,2023-07-13,664.1571565172303
151,2023-09-20,390.54048567630656
151,2023-11-12,221.0658549056387
151,2023-12-13,475.44719049626593
152,2023-06-06,961.0100899773739
152,2023-06-20,953.196183031839
152,2023-08-17,505.32010445150814
152,2023-10-27,346.5068467864545
153,2023-02-14,971.2346219404453
153,2023-03-11,872.7454953018892
153,2023-03-25,133.99093366779198
153,2023-03-30,582.8121404048097
153,2023-06-28,80.79330438649825
153,2023-12-20,582.3965291232435
154,2023-03-07,915.2203642514904
154,2023-04-15,570.0376706327307
154,2023-05-25,784.662048499522
154,2023-07-25,137.43447022378663
154,2024-01-26,71.87430152519329
155,2023-03-02,284.44426374392634
155,2023-04-13,877.2106585798794
155,2023-06-04,131.39362583968995
155,2023-06-13,72.83581327250158
155,2023-09-17,260.93988747875875
156,2023-02-09,490.7192447998966
156,2023-07-31,600.2136928102517
156,2023-09-01,423.98572463432964
156,2023-12-02,648.4704481538201
157,2023-09-22,807.0962247323486
157,2023-10-30,517.5477671047416
158,2023-04-28,866.414767020875
158,2023-06-29,45.21034039780752
158,2023-08-01,371.53238382776624
159,2023-02-27,393.46937165024866
160,2023-09-11,716.6195139144804
161,2023-11-18,529.1309836511316
162,2023-01-07,92.42066961034058
162,2023-04-12,82.48244539394663
162,2023-06-18,405.0941425089525
162,2023-07-21,954.2888805544558
162,2023-10-05,975.3198932146789
162,2024-01-23,989.8795292613476
163,2023-03-30,849.0823684606203
163,2023-10-28,321.9222814181518
163,2023-12-27,751.615813034384
164,2023-02-01,951.2719502273605
164,2023-04-17,683.7170346854358
164,2023-08-21,245.4099538639562
164,2024-01-21,143.0742379648298
165,2023-01-20,770.067287461371
165,2023-11-24,213.31594758826665
166,2023-01-16,301.56951223920447
166,2023-07-16,381.8401513947699
166,2023-11-16,498.02968024861326
166,2023-12-04,609.9519839941975
167,2023-01-23,533.1621693777105
167,2023-02-20,45.9803127592804
167,2023-05-04,260.34987980623123
167,2023-05-24,215.1912089013196
167,2023-06-22,341.21246690680323
167,2023-09-20,186.73251783098
167,2024-01-04,324.5700463708303
167,2024-01-25,177.63777930497176
168,2023-01-18,493.264093910311
168,2023-10-09,452.61004233215584
169,2023-01-07,141.8242933277443
169,2023-04-04,283.82735216728554
169,2023-05-22,881.6623214600218
169,2023-07-22,927.8660616552347
169,2023-08-26,418.67063115650075
170,2023-03-03,369.03193121580864
170,2023-04-03,73.37072397970937
170,2023-06-06,908.6647521005007
170,2023-09-13,23.487083288949954
170,2023-11-05,448.7218862330144
170,2023-12-14,418.1718574562218
171,2023-01-10,753.6695205752528
171,2023-03-20,479.231693940932
171,2023-11-05,544.3007690987065
171,2023-11-25,569.9173482837026
171,2023-12-30,882.5346867963461
172,2023-02-11,593.7321008971254
172,2023-02-15,603.1954427500033
172,2023-03-22,525.3183452161608
172,2023-08-28,439.78840580697675
172,2023-10-29,871.9030498249317
173,2023-03-29,97.20930176627007
173,2023-08-14,822.2196269801395
174,2023-02-14,82.58366201756468
174,2023-03-13,71.76936133404855
174,2023-04-19,285.0358606143015
174,2023-07-14,665.8674419882065
174,2023-10-17,781.7649982176503
175,2023-05-02,316.69244473220664
175,2023-05-23,830.3325160035722
175,2023-10-21,881.1905111452606
175,2023-11-02,268.75367042173536
175,2024-01-17,897.2671936738155
176,2023-02-08,926.5645496134091
176,2023-04-02,279.33689748710026
176,2023-05-14,617.6243620222468
177,2023-07-01,636.6442628161034
177,2023-12-19,127.15544685839065
178,2023-04-10,250.17473653134414
178,2023-08-05,834.0796373595402
179,2023-02-20,578.1597865330409
179,2023-02-27,334.31325450654043
179,2023-05-23,909.4929671360414
179,2024-01-19,347.9987962165937
180,2023-05-21,164.98790876805404
180,2023-07-01,140.84587368684484
180,2023-07-17,678.0247489732826
180,2023-07-27,285.96338747630483
180,2023-10-12,831.2393932196422
180,2023-10-12,454.33230401833214
180,2023-12-11,903.0832556040235
180,2023-12-28,794.1960633409245
181,2023-01-08,254.97900667360895
181,2023-04-28,590.7327206051268
181,2023-05-06,566.2074533419355
181,2023-08-14,561.1697526216815
181,2023-10-15,696.3423036526585
181,2023-12-13,202.14927654645882
181,2024-02-03,173.3730255312311
182,2023-01-26,709.7519916757471
182,2023-09-13,463.6522289734203
182,2023-11-03,35.929610210728015
183,2023-01-14,733.8783845163517
183,2023-08-02,488.15733297757697
183,2023-08-22,695.3193234713802
183,2023-10-04,117.86201273253961
184,2023-04-28,643.5483291417565
184,2023-05-12,901.0044372063688
184,2023-08-08,866.1101364739051
185,2023-06-30,106.74749719184122
185,2023-11-12,800.2516091283322
185,2023-12-13,859.6272219674847
185,2024-01-24,992.30939449851
186,2023-04-16,584.5866287395398
186,2023-06-05,356.2683285804071
186,2023-09-22,85.47597408534509
186,2023-12-21,429.9283026971297
187,2023-02-06,929.376871948935
187,2023-05-30,677.8814529380604
187,2023-07-02,383.56843757580674
187,2023-07-24,243.55190557607514
188,2023-04-17,756.6293490839986
188,2023-06-15,42.44074989132081
188,2023-08-18,59.02105502547432
188,2023-11-23,330.9439099139942
188,2024-01-08,19.229071030957996
189,2023-02-08,374.5968576111905
189,2023-07-26,695.3215852057477
189,2023-11-27,625.0189159277757
190,2023-05-24,475.587674898221
190,2023-10-19,321.94382468735125
191,2023-01-22,169.91042640080957
191,2023-02-13,935.9949528212292
191,2023-12-13,663.6368077619506
191,2023-12-27,513.7667676345005
191,2024-01-23,836.4477712537424
192,2023-03-06,593.1005383215887
192,2023-09-10,332.0254741998795
192,2023-10-23,324.3043963209697
192,2023-12-10,662.1048725980664
193,2023-01-02,767.8120922319132
193,2023-06-02,410.84891936738455
194,2023-03-16,114.5798640490255
194,2023-08-31,526.2737256851668
194,2023-10-22,764.5040362023934
195,2023-01-20,336.74348690591336
195,2023-03-05,523.2274744839842
195,2023-05-12,394.0491507800646
195,2023-10-09,677.4364543420353
195,2023-11-13,185.85667194992035
196,2023-04-11,474.4708510243078
196,2023-04-17,394.7635437823694
197,2023-09-13,805.6521830464809
197,2023-09-28,38.70400113673706
197,2023-12-05,639.3136202098846
198,2023-02-25,661.5488114067722
198,2023-07-31,273.8835659611785
198,2023-09-14,312.73367458285276
198,2023-11-11,943.0591518537949
199,2023-02-23,941.5528138847172
199,2023-05-01,27.267685073451137
200,2023-01-28,993.1111369181697
200,2023-04-14,876.5411990715677
200,2023-07-16,537.8222864355214
200,2023-07-23,873.5277393598351
200,2023-07-28,91.88297647046399
200,2023-08-11,137.31220352700194
200,2023-09-01,559.8355404094998
200,2023-10-03,234.4286599333592
201,2023-05-10,738.4750180605231
201,2023-05-15,160.9599670645021
201,2023-09-08,783.367106574162
202,2023-01-04,751.4013097953704
202,2023-01-22,483.6212393376756
202,2023-03-17,610.0823399629311
202,2023-04-01,637.2972461596564
202,2023-05-13,236.4743227688396
202,2023-05-16,716.7990434913439
202,2023-06-06,668.8392254341057
202,2023-06-18,135.9149862179698
202,2023-07-09,827.7287387401186
202,2023-08-09,717.3458237023954
202,2023-08-16,578.2493591210953
202,2023-12-10,146.76375803612436
202,2023-12-17,269.09587245175146
202,2023-12-25,228.78748029998266
202,2024-01-14,829.2642287952395
203,2023-04-02,382.5964853465121
203,2023-09-15,232.45082383579546
203,2023-11-06,340.45828737769284
204,2023-02-08,57.82123598856058
204,2023-05-11,212.46333665677744
204,2023-09-09,683.1260394946553
204,2023-09-13,314.5223805720289
204,2023-10-14,118.16185382156883
204,2024-01-23,863.9180383508461
205,2023-05-16,559.8727629434857
205,2023-07-14,797.9597712501711
205,2023-09-11,765.5677590853983
205,2024-01-26,826.3750344307547
206,2023-05-01,705.0391431414395
206,2023-10-15,708.8434074548614
206,2023-10-22,381.02903534777005
206,2024-01-11,638.7995884431673
207,2023-04-10,533.7442776864855
207,2023-05-04,340.36870692241524
207,2023-10-26,282.899796688217
207,2024-01-22,777.4789272253598
207,2024-01-30,36.21297744293699
208,2023-01-18,906.4581926188201
208,2023-02-05,108.15672973848712
208,2023-04-15,330.23489717963696
208,2023-05-11,477.36424931325365
208,2023-07-10,696.9498375769252
208,2023-07-12,391.2234753282383
208,2023-10-19,393.2916371402342
208,2023-11-24,996.0214936021124
208,2023-12-11,555.901905452321
208,2024-01-09,272.2746383734082
208,2024-01-26,238.02406884088845
209,2023-01-19,749.7504618728159
209,2023-06-14,431.19430789771803
209,2023-07-01,631.8337222953124
209,2023-07-20,777.1554976835969
209,2023-09-03,688.3072566466005
209,2024-01-16,608.4497522240075
210,2023-03-08,12.695682752824217
210,2023-07-11,96.46098857677141
210,2023-07-29,786.2016073840409
210,2023-08-31,604.5201070620203
210,2023-10-22,274.4782238972075
211,2023-03-14,870.3722731350739
211,2023-07-10,11.782694853093357
211,2023-08-01,518.4533734405202
211,2023-08-13,332.8205327247287
211,2023-08-24,460.74065294543254
211,2023-11-06,106.30365585024182
211,2024-02-01,492.422170413944
212,2023-03-09,192.0698743912192
212,2023-06-08,461.97201793541853
212,2023-12-04,405.4282489840206
213,2023-02-04,469.8532880476435
213,2023-03-30,424.3335270299983
213,2023-06-17,880.3810676047358
213,2023-07-03,109.84919578236526
213,2023-10-12,211.45595316233604
213,2023-10-12,598.1339555108358
213,2023-10-12,329.7338479587431
213,2023-11-25,359.11900761744647
214,2023-04-18,177.80168872096448
214,2023-05-23,613.2078929008707
215,2023-07-10,141.31124757751826
215,2023-08-18,906.8064958299806
215,2023-09-08,549.5423461747739
215,2024-01-07,859.3067954827266
216,2023-01-20,209.3504186671717
216,2023-05-05,451.22479859494115
216,2023-06-02,772.3895967099952
216,2023-09-21,147.11202361383087
216,2024-01-01,151.43628485853486
217,2023-02-11,802.8825509276454
217,2023-07-13,585.2506602489715
217,2023-08-10,401.8156235852237
217,2023-09-03,797.2271685223552
217,2023-12-06,813.9901177418752
218,2023-04-08,211.15837626684672
218,2023-04-24,870.3817819241121
218,2023-06-05,749.7146439281726
218,2023-07-02,184.68281341789492
218,2023-07-12,752.3597016292886
218,2023-09-25,240.09366743943806
218,2024-01-18,210.85431829691524
219,2023-04-26,794.1306363848423
219,2023-05-21,363.86159237189133
220,2023-02-16,611.7747993780202
220,2023-06-26,52.80920355632721
220,2023-07-11,532.2394599572361
220,2023-10-17,205.405372343409
220,2023-11-08,209.13938291951234
220,2023-12-05,68.27463922665743
220,2023-12-24,151.09091282531244
220,2024-01-09,602.4154503320068
221,2023-02-09,922.2137692562478
221,2023-06-27,603.922463594221
221,2023-09-13,468.29252509163166
221,2023-12-30,384.9062479991394
222,2023-03-23,809.7333860524536
222,2023-06-11,71.20168669012446
222,2023-08-05,351.930505733262
222,2023-09-09,944.8609636568625
222,2023-10-06,303.3070935364371
222,2023-11-15,805.9077643472415
223,2023-09-02,164.00224601743
223,2023-12-18,792.3510161847495
224,2023-01-16,913.0326780074229
224,2023-07-26,307.45416240009433
224,2023-09-04,645.1165583715693
224,2023-11-13,275.172659571478
225,2023-07-22,426.5244507394453
225,2024-01-17,523.1862934659944
225,2024-02-03,855.3692368617661
226,2023-03-30,572.3255271963384
226,2023-04-11,43.685683970359094
226,2023-05-03,20.437459749002898
226,2023-08-03,719.1327381492233
226,2023-11-02,348.9992006270484
226,2024-01-13,499.520533410357
227,2023-05-21,79.23315956880289
227,2023-09-07,729.8233551260474
227,2023-10-20,978.1241639002542
228,2023-05-16,530.4337656797096
228,2023-07-13,618.4182857004054
228,2023-11-21,952.7485536029001
228,2024-02-03,823.1705841054528
229,2023-02-07,580.0620359157796
229,2023-05-08,639.8407622976437
229,2023-07-10,231.24643672691798
229,2024-02-03,993.1592087389637
230,2023-10-05,802.4158160592283
230,2023-10-06,251.22338866655858
230,2023-11-20,863.5492445640872
231,2023-03-15,95.48288766130115
231,2023-07-19,784.3879941285071
231,2023-10-06,185.72607624491846
231,2023-10-29,727.0170545569407
232,2023-04-29,802.296659537022
232,2023-08-10,430.8201426586561
232,2023-09-14,310.04206488276157
232,2023-10-08,877.1318583216804
232,2023-11-20,396.3836165010753
232,2024-01-26,505.4622795685947
233,2023-08-30,455.03448031989495
233,2023-10-07,708.9276191809491
234,2023-01-06,554.4115849724684
234,2023-03-30,108.6266177578005
234,2023-06-29,288.5466132126075
234,2023-11-28,475.8453626699195
235,2023-01-15,441.74709842075913
235,2023-02-13,316.9043477134941
235,2023-03-05,186.13894779836232
235,2023-07-11,246.8641976071068
235,2023-11-30,343.0841311272087
236,2023-09-21,411.44099563420895
236,2023-10-18,576.3905824428823
236,2023-12-23,104.71629281273911
237,2023-01-25,671.8503132511318
237,2023-08-11,801.6881484888487
238,2023-04-23,364.54376491719285
238,2023-05-09,139.8486983188203
238,2023-08-28,925.0967718946113
238,2023-12-14,650.2243602023036
239,2023-03-08,544.28276973124
239,2023-03-19,351.74790937503394
239,2023-11-22,821.4707370702156
239,2024-01-27,301.90457767805236
240,2023-04-05,299.6357571136251
240,2023-04-08,164.0380424112496
240,2023-04-13,985.1447502928147
240,2023-09-09,111.28904121044032
240,2023-10-01,161.98951149580589
240,2024-01-04,181.2672704166115
240,2024-01-13,866.3118824635827
241,2023-03-20,940.7134194344968
241,2023-05-10,812.0238849601673
241,2023-05-30,500.7946888900878
242,2023-03-03,811.5360589292409
242,2023-03-22,465.66178834689185
242,2023-07-29,427.52426273579755
242,2023-09-15,223.89818487560643
242,2023-09-19,354.0517346001982
242,2024-02-02,978.0992663803405
243,2023-07-27,766.4385824574471
243,2023-10-18,771.5112710538183
243,2023-12-08,77.59140562116185
243,2023-12-21,267.54154422749224
243,2024-01-20,531.8338229683391
244,2023-02-04,662.0164035055064
244,2023-02-17,871.2119101409022
244,2023-03-10,914.972087707444
244,2023-07-18,574.4886545018458
244,2023-07-28,902.4095603793717
244,2023-08-16,367.9793997385809
244,2023-12-21,861.7389349248796
244,2024-01-28,111.94733467677803
245,2023-02-28,660.689711638526
245,2023-12-22,784.892079264156
246,2024-01-08,252.32181002705084
247,2023-01-26,366.40613636802163
247,2023-01-29,804.5839711030873
247,2023-06-05,544.2764611312009
247,2023-09-04,468.77229838010743
247,2023-12-05,478.26471933553256
248,2023-01-21,96.56532438586633
248,2023-04-29,625.9188258755171
248,2023-06-03,165.19318432546535
248,2023-12-23,755.5977206187272
249,2023-02-09,19.11872052459671
249,2023-08-02,616.3843902574725
250,2023-03-05,353.4093206396995
250,2023-08-29,267.3793365768617
251,2023-03-13,714.2998067771176
251,2023-08-25,596.2400812376694
251,2023-10-05,670.122607419069
252,2023-03-16,318.42247389505576
252,2023-06-14,749.7027164681543
252,2023-07-17,883.4933012099674
252,2023-08-17,295.7650411328251
252,2023-09-18,528.3528173073669
253,2023-03-18,678.4927012195914
253,2023-10-01,579.9475116416835
253,2023-10-21,193.8431597255367
253,2023-11-11,567.0495852168212
253,2023-11-22,491.1706158320506
254,2023-06-14,960.3933562863355
254,2023-07-31,331.82330387283247
254,2023-11-04,534.3225241251133
254,2024-01-25,687.7373764733173
255,2023-10-08,149.04711719441775
256,2023-04-04,251.16848334103577
256,2023-07-02,569.7623584135706
256,2023-07-28,183.12656967609087
257,2023-04-18,268.4693872939039
257,2023-07-13,599.4298113037772
257,2023-08-26,600.5659477850401
257,2023-09-20,41.45549169061233
257,2023-12-05,750.1210024909967
258,2023-06-07,226.80345334710046
258,2023-08-12,804.6197746640454
258,2024-01-09,528.4171624013311
258,2024-01-13,939.5821410608988
259,2023-06-25,775.8725967204831
259,2023-11-14,441.5491737219741
259,2023-12-07,928.6166146682341
259,2024-01-23,801.9954016967188
260,2023-07-05,226.94445279794448
260,2023-09-30,601.5553338584285
260,2023-11-09,489.0091524738541
260,2024-01-15,685.2154460357337
261,2023-05-05,136.33307078712264
261,2023-06-10,998.8554779926257
261,2023-11-14,845.0015801681212
262,2023-02-10,929.0592472662928
262,2023-09-06,540.4441483197367
262,2023-10-16,648.0327592500926
262,2023-11-02,340.5975009652033
262,2024-02-01,685.7028812371921
263,2023-03-21,741.8082528332135
263,2023-09-13,962.9127895158916
264,2023-02-08,331.08595039743386
264,2023-04-16,777.5878496006479
264,2023-04-27,972.2519749939202
264,2023-05-26,140.80116479009206
265,2023-11-21,533.8106892023831
265,2024-01-01,452.107396962422
265,2024-01-18,647.8841495613008
266,2023-07-20,492.5426795766623
266,2023-08-09,814.0315645817091
267,2023-12-06,449.501882002945
268,2023-03-09,413.2311114025492
268,2023-04-24,20.381173859644996
268,2023-06-15,725.45022830397
268,2023-07-11,18.27746386985
268,2023-10-02,125.66098781381822
268,2023-12-02,124.71998836716098
268,2024-01-05,886.5561032113036
270,2023-10-01,22.8084269168939
270,2023-12-02,778.72957596291
271,2023-03-06,186.35849779722642
271,2023-10-07,512.9975406112651
271,2024-01-12,218.16372358426597
272,2023-03-18,824.3933920335941
272,2023-09-16,243.5374836794347
272,2023-12-18,186.77658599856647
272,2024-01-31,247.40621526614942
273,2023-01-20,479.5827606840276
273,2023-02-24,442.22698045348864
273,2023-04-29,834.8015600230494
273,2023-08-19,815.00954748406
273,2023-09-06,846.3014220689491
274,2023-06-01,500.7675833055428
274,2023-08-07,753.7444606710665
274,2023-08-11,830.3893961226087
274,2023-10-15,435.33581174749816
275,2023-04-04,400.87090447095636
275,2023-06-03,233.83857624877473
275,2023-08-08,829.5543982821953
275,2023-08-22,204.22888836646734
275,2023-10-28,180.0820762840353
276,2023-03-17,315.61697011860196
276,2023-09-20,714.4765451259269
277,2023-04-26,928.5204881358969
277,2023-09-08,144.20182122231398
278,2023-05-29,798.7411837966015
278,2023-10-23,795.5556049330861
279,2023-05-14,631.8069660429958
279,2023-07-19,297.62448039017966
279,2023-11-19,506.62901940226783
279,2024-01-02,123.99441625750443
280,2023-04-26,48.99900039452608
280,2023-06-16,570.9344274130239
280,2023-11-27,480.78043990394593
280,2023-12-28,852.8591085106511
281,2023-01-01,971.4365517574045
281,2023-04-15,340.51050686858116
281,2023-04-26,486.79798235962295
281,2023-05-10,243.6019271595523
282,2023-02-20,110.970679228357
282,2023-08-10,354.49812541264066
282,2023-11-15,995.0073568650488
283,2023-03-17,283.29477045891696
283,2024-01-06,589.5035725341095
284,2023-10-29,191.30963487706268
284,2024-01-28,717.0431737169397
285,2023-11-13,849.7713589875219
285,2023-11-13,887.5059687095893
286,2023-03-27,570.3143468543149
286,2023-05-09,90.30427581936912
286,2023-09-05,492.0381731782373
286,2024-01-10,313.5724646184537
287,2023-06-18,682.068010205807
287,2023-06-20,833.5341770176332
287,2023-10-01,920.7022909209138
287,2024-01-27,283.81763511695476
288,2023-08-27,505.61535143388335
289,2023-03-23,417.4274483564242
289,2023-04-25,514.1508540192863
289,2023-05-23,344.2975167205641
289,2023-08-19,302.2259342718638
289,2023-09-19,952.8668668838947
290,2023-05-14,980.9336058801899
290,2023-10-01,879.0378613007971
291,2023-03-02,803.7134357398937
291,2023-07-16,643.60365764295
291,2023-12-24,671.0229491921502
291,2024-01-15,367.51807277006475
292,2023-05-06,403.42928707817043
292,2023-07-09,282.2178969922828
292,2023-10-16,376.05532827234873
293,2023-11-01,481.90134347033415
293,2023-12-03,126.56271687151443
293,2024-01-01,648.2019391798266
294,2023-06-18,566.9388647848986
294,2023-07-08,127.49569874657865
294,2023-07-10,118.65864133268381
294,2023-09-20,259.5319275363124
294,2024-01-20,733.4651149326183
294,2024-01-24,659.7308325566726
295,2023-01-09,62.089213844041566
295,2023-01-20,326.98173712900126
295,2023-01-27,335.43791907575365
295,2023-05-01,68.59219669522432
295,2023-08-22,941.2356729886997
295,2023-11-09,687.470057440905
296,2023-01-08,237.55480215255017
296,2023-03-01,86.16408168729225
296,2023-10-12,661.3775470709016
296,2023-12-20,549.9147827617678
297,2023-04-14,657.7712727985142
297,2023-04-17,574.1455031703821
297,2023-05-02,65.15873136836781
297,2023-07-30,996.7636384087992
297,2023-12-26,135.438547554797
298,2023-01-29,890.8273977398736
298,2023-03-25,448.91722829583864
298,2023-06-02,775.9099739127774
298,2023-07-05,919.6184932932731
299,2023-02-15,587.3241865213345
299,2023-03-05,476.93837413156984
299,2023-03-30,753.8033757674335
299,2023-04-09,744.922588384785
299,2023-04-12,959.8199095413371
299,2023-04-17,656.2124794140309
299,2023-06-01,201.9786790915033
299,2023-07-02,392.2556325712321
299,2023-08-28,871.0014594096665
299,2023-11-28,123.20362180139765
299,2024-01-16,387.1454998676155
299,2024-01-29,376.8642224254126
300,2023-03-23,739.631875683537
300,2023-04-08,105.70352521087781
300,2023-08-14,502.9901400042128
300,2023-11-28,960.647907832964
301,2023-02-22,265.8064695562849
301,2023-07-10,904.1839345626863
301,2023-09-26,232.5960242573109
302,2023-07-21,789.7918072631531
302,2023-12-07,481.28016977468036
302,2024-01-14,31.550142665748318
303,2023-02-27,777.5021736084557
303,2023-05-29,573.8212755029783
303,2023-08-11,959.4308372973088
303,2024-01-11,28.558936968729068
303,2024-01-27,885.2588452539094
304,2023-09-22,972.2027378340794
304,2023-10-19,62.63726907536351
304,2023-10-31,151.40143390395107
305,2023-01-06,523.7869380805108
305,2023-01-30,818.6558079519672
305,2023-07-19,219.70940163487975
306,2023-01-22,188.88619707781507
306,2023-05-02,891.1028487881568
306,2023-10-02,861.6539619924007
306,2023-11-23,659.8898614690742
307,2023-11-14,848.5087437628436
307,2023-12-20,870.2551548809048
308,2023-01-18,231.60120061651702
308,2024-01-23,658.622005262912
309,2023-01-19,139.22337476701628
309,2023-06-16,50.811118347072814
309,2023-07-24,89.97509379648706
309,2023-08-06,120.72731621143113
309,2023-09-27,586.2692686187705
309,2024-01-28,899.8361908555535
310,2023-02-25,549.6347770595229
310,2023-03-23,31.727259481568144
310,2023-03-27,905.2663946886638
310,2023-05-01,87.50243576489319
310,2023-06-19,319.960569117662
310,2023-09-29,772.2557827897665
311,2023-01-17,106.19200388429199
311,2023-03-04,197.10827927245677
311,2023-03-27,136.5053494859967
311,2023-04-28,188.3499181645568
311,2023-09-22,502.69501060796546
311,2023-10-23,382.4281757526054
311,2023-11-22,864.4072134703708
312,2023-01-24,475.02202328132614
312,2023-02-05,106.67538788953492
312,2023-02-28,154.1930576813245
312,2023-07-27,972.4998005908454
312,2023-11-15,739.6620969732636
312,2024-01-07,863.1954217908828
312,2024-01-20,26.52217967609196
313,2023-01-12,299.31420670667535
313,2023-04-01,333.600871076307
313,2023-12-27,476.43793538240067
314,2023-01-22,148.25695034212805
314,2023-05-06,323.4168253444337
314,2023-11-26,432.22944015481175
314,2023-12-21,235.4775005157276
314,2023-12-24,484.9694940062487
315,2023-01-10,666.027472050757
315,2023-03-26,338.9656684739416
316,2023-02-01,260.55566102137385
316,2023-08-23,850.373695124224
317,2023-06-21,551.8579558667574
317,2023-09-05,993.1239026727537
317,2023-12-25,518.4977491557543
318,2023-11-06,582.3727253308937
319,2023-04-28,749.0789586038119
319,2023-11-28,49.88065902848038
320,2023-02-13,453.8324217854273
320,2023-02-25,313.08887301762877
320,2023-03-18,205.01822761994242
320,2023-06-20,933.7436463999617
320,2023-09-29,239.3549132923624
320,2023-10-20,532.8534205140194
321,2023-06-24,870.9798961183128
321,2023-11-14,148.2972809064008
321,2024-01-11,402.07921591572693
322,2023-03-14,425.93649814452255
322,2023-05-16,388.17631747300004
322,2023-08-20,208.95910575135116
322,2023-09-27,565.8440375044139
323,2023-01-07,804.1565176659976
323,2023-06-15,812.3254577325287
323,2023-08-03,599.3103197546724
323,2023-08-06,447.5571121346074
323,2023-10-30,586.2837886021562
324,2023-06-26,194.0434776157649
325,2023-02-20,410.998028519442
325,2023-03-17,285.9038399321365
325,2023-05-01,136.1116876319267
325,2023-06-03,650.2092695501343
325,2023-06-21,822.0721890951827
325,2023-09-10,225.2786045894849
325,2023-12-14,125.52915739028752
325,2023-12-15,704.782169379693
326,2023-03-02,271.5835023634732
326,2023-05-10,911.8891739934866
326,2023-07-10,532.975755357885
326,2023-08-07,921.2018649764021
326,2023-09-25,162.21945820174048
326,2023-10-05,668.3020214749342
327,2023-03-20,860.3398475261923
327,2023-05-21,400.69105228640433
327,2023-08-03,197.16126292008107
328,2023-06-18,262.6574177570078
328,2024-01-05,494.96958310971166
330,2023-01-17,442.82558126735813
330,2023-03-08,285.9611236690246
331,2023-03-08,676.4396742054549
331,2023-04-22,478.81467623213365
332,2023-03-29,841.4890223051652
332,2023-05-16,251.2626527791918
332,2024-01-02,917.1516365338045
333,2023-01-28,544.3372675090244
333,2023-03-20,746.3715515222183
333,2023-09-22,11.313232078948998
333,2023-10-08,992.0125782734843
333,2023-12-28,133.32442920018113
333,2024-01-08,659.3412559792474
334,2023-01-07,427.32271035169157
334,2023-08-28,852.9042274514813
334,2023-11-15,419.0384824508451
334,2023-11-19,732.3011012017731
335,2023-04-22,459.42727440506565
335,2023-06-05,500.49204138778515
336,2023-05-13,321.94014540335706
336,2024-01-19,71.46268706434705
337,2023-05-15,760.9750705367825
337,2023-07-03,995.3484521480224
337,2023-09-07,444.97821563114405
337,2023-09-24,613.6852569651934
337,2023-10-30,535.2675699591848
337,2023-11-13,551.7620752715867
338,2023-07-02,984.2351775407811
338,2023-09-05,783.1174808877724
338,2023-12-23,101.9022726049647
338,2024-01-18,80.00380636087655
339,2023-07-15,76.78447710337352
339,2023-12-09,843.3377042872122
340,2023-04-26,30.965304477465676
340,2023-10-12,460.9775051384144
340,2023-10-16,639.9127434259736
340,2023-11-16,328.82931444348435
340,2024-01-11,418.2755663197421
341,2023-03-17,473.06650620394447
341,2023-05-12,330.0272916715349
341,2023-07-30,562.5066234783336
341,2024-01-09,107.75716182688409
342,2023-02-18,93.85575837124757
342,2023-05-15,134.13516712829477
342,2023-11-06,424.1938912640154
342,2024-01-19,556.0732027851105
343,2023-06-11,488.53965768376986
343,2023-08-06,296.46882603655905
343,2023-11-09,728.6014558886908
344,2023-01-23,862.3850291074984
344,2023-01-30,850.6326988874531
344,2023-04-17,50.570820473641
344,2023-06-28,986.0519286694513
344,2023-07-24,625.5445884430849
344,2023-09-07,765.3011300884052
344,2023-10-17,263.3815537642629
344,2023-11-04,193.68624937074833
344,2023-11-29,470.85074217177373
344,2024-01-20,242.8554780107518
344,2024-02-02,500.5823419841138
345,2023-01-30,171.8273761612616
345,2023-05-11,777.3793930390933
345,2023-06-19,386.2142436152965
345,2023-06-23,254.7462869665268
346,2023-05-22,69.37118722242398
346,2023-09-03,162.69432840102888
346,2023-10-23,514.5208149590865
347,2023-10-19,933.8513407708168
348,2023-03-23,323.94058800524255
348,2023-04-08,493.0495258917296
348,2023-06-11,63.67328871666396
348,2023-06-24,31.21363928374433
348,2023-07-06,738.125022878888
348,2023-08-14,591.5357984429997
348,2023-11-07,904.2113405081706
348,2024-01-13,578.7451747126721
349,2023-02-14,897.8408317274066
349,2023-06-14,644.6458606066585
350,2023-02-24,646.8113366839357
350,2024-01-17,11.74530939253732
351,2023-02-05,23.038631492469477
351,2023-03-07,511.7611783355793
351,2023-03-09,699.3963910153325
351,2023-06-01,74.38759116334697
351,2023-07-12,380.26020454366983
352,2023-01-13,940.6852783685165
352,2023-03-17,131.6273972092434
352,2023-05-17,550.65569451356
352,2023-05-20,105.05017713421158
352,2023-05-23,48.397149527628066
352,2023-09-06,712.2401560363153
352,2023-10-21,513.7072939297423
352,2023-11-08,123.35478684177622
353,2023-01-10,37.777413457060334
353,2023-09-18,337.3652019344371
353,2023-10-21,435.7701578407124
353,2023-10-31,116.82968357944188
353,2023-12-20,629.9108829001419
353,2024-01-17,270.7245849650141
354,2023-04-21,431.39925272957834
354,2023-08-07,468.1828531562858
354,2023-08-15,899.0576053337554
354,2023-11-10,271.661146102509
354,2023-12-21,157.32565288739238
354,2024-01-11,894.3697105201941
355,2023-01-14,879.2049402713413
355,2023-03-17,58.470128773838944
355,2023-04-14,63.02232794700358
355,2023-05-23,32.99594535482703
355,2023-08-11,816.9199660130492
355,2023-12-20,904.9828925912814
356,2023-02-21,702.1758694936947
356,2023-02-26,54.78613783145666
356,2023-05-20,181.9497710663139
356,2023-08-21,922.7427277004189
356,2023-10-05,773.3275419847138
356,2024-01-27,302.5754563582899
356,2024-01-31,967.9544787737251
357,2023-01-12,357.8899838460018
357,2023-03-08,83.72604779967506
357,2023-03-30,513.8019849653911
358,2023-03-29,993.0541363969303
358,2023-07-03,406.71489375520014
358,2023-07-17,214.53943189102228
358,2023-09-14,776.1542731297549
358,2023-10-09,888.752214900967
358,2023-11-23,197.57360704884735
358,2023-12-03,663.3180961621913
359,2023-01-21,428.734684534673
359,2023-04-02,584.2770226665366
359,2023-05-18,511.37863937680294
359,2023-07-16,697.6985847008567
359,2023-08-31,619.4091844228842
359,2023-11-07,339.82146677966625
359,2023-11-11,655.599913611737
360,2023-07-24,567.9393804446812
360,2023-09-28,250.1130659285133
360,2023-09-29,229.7700692067097
360,2024-02-03,991.1665065954996
361,2023-09-05,338.51228541804016
362,2023-04-10,52.609074014760985
362,2023-06-02,97.1015850800516
362,2023-09-13,969.7277677284898
362,2023-09-29,62.710190817243046
362,2023-10-16,335.8944633578295
363,2023-02-08,835.4295846823029
363,2023-05-11,722.0346422811398
363,2024-01-05,23.179672955444946
364,2023-01-06,408.87070638865356
364,2023-02-09,69.7039554745947
364,2023-04-15,980.2207488003303
364,2023-07-04,994.2445930551512
364,2023-12-11,263.56960559698774
364,2024-01-21,898.1111899188387
365,2023-05-03,180.49274970554043
365,2023-09-02,458.1723897044973
366,2023-01-19,649.8298127129216
366,2023-06-08,266.0091149818443
366,2023-08-10,238.63283523887986
367,2023-01-13,640.1087026477454
367,2023-05-05,534.0198457891138
367,2024-02-02,295.9537342440032
368,2023-01-06,813.8606349661986
368,2023-03-02,658.1861326418136
368,2023-03-04,948.0638264734338
368,2023-05-06,969.129947204315
368,2023-06-13,413.47795580207895
368,2023-07-04,534.2412118660967
369,2023-03-21,631.5379114313763
369,2023-03-28,212.9690306488461
369,2023-04-03,24.19542750898865
369,2023-04-09,926.1722360660667
369,2023-04-29,333.651241884976
369,2023-09-03,238.9956737437376
369,2023-09-14,265.40863598943804
369,2023-12-05,308.933651532619
370,2023-03-04,502.964480618893
370,2023-03-09,272.92872400255516
370,2023-08-28,69.7490090725102
370,2023-10-14,842.5108464645139
370,2023-11-14,405.3888977962812
370,2023-12-12,151.44556506994405
371,2023-04-29,721.4673993856995
371,2023-10-14,663.8956555609568
371,2024-01-15,602.4135802871838
372,2023-01-30,823.9466432733765
372,2023-02-04,21.252505776391242
372,2023-07-26,523.444253301372
373,2023-01-10,242.07893644644162
373,2023-05-11,556.7918337491528
373,2023-05-12,864.2408184941784
373,2023-06-08,312.02768149592674
373,2023-08-14,798.3462143071972
374,2023-06-29,474.05407204154943
374,2023-07-09,892.2127688850558
374,2023-08-17,139.4300984200606
375,2023-01-27,467.3993700883415
375,2023-03-03,369.8978196201567
375,2023-05-13,20.954081991975038
375,2023-06-10,843.2505361619496
375,2023-09-25,897.6791578599078
375,2023-12-16,516.3090444071015
376,2023-04-17,78.94217470246717
376,2023-09-16,511.91433622382436
377,2023-01-11,622.60868273948
377,2023-06-01,851.1705232484248
377,2023-06-28,365.03619669742045
378,2023-07-23,189.742619335238
378,2023-10-04,713.9560252490737
379,2023-01-13,512.9413905731608
379,2023-02-11,136.366736041919
379,2023-07-19,67.56149096366094
379,2024-01-21,688.9443993065373
380,2023-01-29,720.4627987842646
380,2023-05-14,342.0620232606246
380,2023-06-15,752.8524322450498
380,2023-09-19,243.56981148111967
381,2023-02-16,632.0747413827119
381,2023-08-07,983.9055972480909
381,2023-10-25,611.7141362005269
382,2023-06-12,138.29106758698944
383,2023-01-28,566.9340681303115
383,2023-02-11,992.8915074698516
383,2023-05-11,151.10930794592272
383,2023-08-04,554.4471392680662
383,2023-08-14,441.6585465965591
383,2023-10-16,156.7385207786351
383,2023-11-13,612.8349799447451
383,2023-12-19,332.3275801290405
383,2024-01-25,231.4193563618752
384,2023-03-09,562.216335377472
384,2023-03-24,353.35267247932427
384,2023-09-21,163.55974771335988
384,2024-02-01,931.6704340036458
385,2023-01-29,859.5955305104069
385,2023-03-20,208.26709206564502
385,2023-03-23,226.88364552861904
385,2023-08-25,126.76340981334782
385,2023-10-10,27.999875625992402
386,2023-01-19,269.53715619087484
386,2023-04-11,100.42391595971813
387,2023-08-03,109.35384576722832
387,2023-08-10,275.6114060718108
388,2023-09-06,151.00452475551512
389,2023-01-12,251.3487485720542
389,2023-05-03,872.5298323810225
389,2023-05-18,806.6182118285416
389,2023-11-15,370.68086958701895
390,2023-02-16,47.26448901762186
390,2023-10-24,684.1074435319457
390,2024-01-16,639.1167303896708
391,2023-01-20,71.96444535739592
391,2023-09-24,127.53538692115283
391,2023-10-03,565.1150864136082
391,2023-11-05,635.0692163198539
392,2023-10-31,589.1292066943355
392,2023-11-02,936.140821872095
392,2023-11-16,365.26356142125377
392,2023-12-06,543.8057496482137
393,2023-08-11,66.01929501444624
394,2023-02-27,924.7312392532768
394,2023-03-10,441.93594487287294
394,2023-11-24,308.78555370677304
395,2023-05-20,559.0105129050002
395,2023-06-08,884.660676410265
395,2023-10-18,817.417696440478
395,2023-12-20,688.9052399801336
395,2024-01-05,815.3645703201261
396,2023-03-07,153.75688468169778
396,2023-07-31,83.03284436160442
396,2023-10-29,533.7444054356669
396,2023-10-30,650.0612483392987
396,2024-01-11,638.8174483890758
397,2023-01-18,781.4295344871745
397,2023-02-08,874.2551309963851
397,2023-07-18,40.02082043257221
398,2023-03-17,335.849994511345
398,2023-07-10,376.61263248179944
398,2023-08-20,993.7362249990799
399,2023-01-28,504.7854688698785
399,2023-06-14,58.168958194209345
399,2023-11-14,94.30443144647712
399,2024-01-06,688.4976853697767
400,2023-04-23,263.0826291732991
400,2023-09-06,392.03081170300135
400,2024-02-03,835.1185906453501
401,2023-01-01,298.6439009250239
401,2023-03-28,646.3025867502141
401,2023-06-22,394.3355861752382
401,2023-07-10,629.6522449741873
401,2023-11-22,528.4634786493795
401,2023-11-27,473.4834591850357
401,2024-01-22,609.4859093596021
402,2023-01-07,152.96758254188023
402,2023-10-03,234.22335635714256
403,2023-02-10,416.0706821612812
403,2023-02-15,127.95893296045259
403,2023-03-18,549.4116286813687
403,2023-03-19,972.5905341828247
403,2023-06-18,680.5279320643203
403,2023-11-22,886.6411968211962
403,2023-12-14,418.21306828833445
404,2023-01-13,365.8751550931372
404,2023-02-03,310.58697192084884
405,2023-02-01,965.7961523176452
405,2023-08-27,812.2275979392989
405,2023-10-30,739.2805449204691
405,2023-11-10,953.5692747047182
405,2023-12-24,880.2105941419185
405,2023-12-24,573.6125689002499
405,2024-01-12,668.4430641628003
405,2024-02-02,345.5345317803105
406,2023-03-27,606.4696949818119
406,2023-05-10,822.9160698714933
406,2023-08-26,172.32780621973674
406,2023-08-30,519.815465555987
406,2024-01-08,782.1595607633634
406,2024-01-08,302.3316777320655
408,2023-03-03,849.3555642930428
408,2023-03-13,81.11743633909134
408,2023-06-27,777.7737341763712
409,2023-05-31,353.31467022033013
409,2023-06-17,988.4224914897771
409,2023-07-26,72.50154700503364
409,2023-10-06,761.5734492413998
409,2023-11-01,990.7025688577935
409,2023-12-23,232.54716141071225
410,2023-02-04,951.8855874858234
410,2023-02-22,660.8839597706526
410,2023-05-04,555.4698164954375
410,2023-08-11,973.3384085035937
410,2023-11-02,511.8967281958624
410,2024-01-18,564.5658544655226
411,2023-01-20,550.9321522989212
411,2023-03-19,142.7247248368503
411,2023-05-29,809.828198235762
412,2023-02-25,969.542676138782
412,2023-03-17,800.1249894372237
412,2023-05-01,63.55628927347594
412,2023-07-19,464.378100977404
412,2023-09-03,135.4142896595991
412,2023-09-10,330.6542362386865
413,2023-04-15,889.0782121731037
413,2023-05-21,797.0937509890603
413,2023-07-01,843.8328399545824
413,2023-09-02,112.67717712699692
413,2023-09-11,207.7817889201916
414,2023-02-19,914.6167814802757
414,2023-09-11,218.14516894465982
414,2023-10-03,61.267384653094105
414,2023-10-30,958.7836017278503
414,2023-11-12,969.1496514403783
415,2023-11-07,246.43244767870468
415,2023-12-06,506.3388661531849
415,2023-12-18,584.0499271024202
415,2024-01-12,811.8803393813965
415,2024-01-19,311.68998101030803
417,2023-01-16,378.4169958471413
417,2023-01-21,885.2258865551328
417,2023-07-19,370.06857270373956
417,2023-12-15,972.9108970255751
417,2023-12-27,450.0306921208076
418,2023-02-21,645.8752037572913
418,2023-03-21,499.17181798829654
418,2023-03-22,620.7793140742756
418,2023-04-29,70.89131014353532
418,2023-05-17,522.1210418844526
418,2023-08-02,72.43035197618445
419,2023-01-10,973.778031930251
419,2023-01-24,634.7291157470112
419,2023-01-29,133.80511844799003
419,2023-03-30,986.8460580325018
419,2023-05-06,632.7782440292135
419,2023-05-27,782.6439297514813
419,2023-08-30,876.6423440376178
419,2023-10-12,779.2178350542927
419,2023-10-25,106.03236325034172
419,2024-02-03,277.2694411468871
420,2023-02-15,696.1213202765875
420,2023-04-25,81.98590895761315
420,2023-08-21,461.5832690576309
420,2023-10-04,784.271997508715
420,2024-01-10,241.68201398720032
421,2023-02-05,544.355214557353
421,2023-04-24,144.59524418292162
421,2023-06-04,70.95806435380686
421,2023-11-19,703.056510579104
421,2024-02-01,127.41463379636654
422,2023-01-25,769.924193369918
422,2023-05-02,300.7782810815204
422,2023-06-16,724.3773709893848
422,2023-07-05,376.6751346420139
422,2023-11-08,865.7333394736135
423,2023-02-20,683.5970847948167
423,2023-07-25,665.9403819787752
423,2023-08-22,203.81684575935142
423,2023-09-10,522.2892018902231
423,2023-11-22,242.77762407341731
423,2023-11-25,694.0105386144426
423,2023-12-07,93.54948041849724
423,2024-01-21,992.1015847024544
424,2023-04-09,812.1336633326692
424,2023-05-30,892.028697597231
424,2023-09-03,690.5836435935483
424,2023-12-11,44.0292822107728
425,2023-01-10,656.4880112428232
425,2023-01-29,604.7730319031574
425,2023-05-04,461.93890689147344
425,2023-12-29,979.3913468374683
425,2024-01-15,490.63258329419926
426,2023-02-09,541.4043041809796
426,2023-03-27,614.0979669149648
426,2023-08-26,797.2944143341773
426,2023-10-17,213.186409979116
426,2023-12-11,181.72862051838482
427,2023-01-23,594.3679117004139
427,2023-04-05,794.1582779360849
427,2023-10-15,893.5816043689936
428,2023-08-30,651.3615462944865
429,2023-02-02,670.8765906334578
429,2023-03-04,248.99759290249781
429,2023-04-11,965.2868740535013
429,2023-07-21,949.630190395347
429,2023-12-29,811.7215058634802
430,2023-04-25,996.0522467061651
430,2023-05-26,474.0877100297347
430,2023-08-20,745.1067062022711
430,2023-12-08,764.1395270416236
430,2023-12-18,278.96064242377247
430,2024-01-24,744.3813210776125
431,2023-06-16,862.334380775842
431,2023-08-12,973.9078967760851
431,2023-11-02,777.8622982744662
432,2023-05-17,188.20036765599292
432,2023-05-25,123.21075993685815
432,2023-10-12,99.01400290573835
432,2023-11-04,214.18574721752535
432,2023-12-25,774.9662593906652
433,2023-07-02,539.814598985382
433,2023-10-05,298.1555698148535
433,2023-10-13,623.1626694323743
434,2023-04-26,504.30748730332897
434,2023-05-07,141.37361831566716
434,2023-07-11,426.5280440886642
434,2023-09-19,763.9108785515741
435,2023-03-04,733.571416235409
435,2023-04-29,476.2722392159489
436,2023-01-10,972.8422066624385
436,2023-01-23,703.4035777822976
436,2023-01-24,804.5758915830322
436,2023-06-14,373.2287810188206
437,2023-01-14,286.7718523925568
437,2023-02-05,936.0166157460187
437,2023-03-03,318.02297597123913
437,2023-10-05,575.1098848430073
437,2023-11-09,948.7413973965218
437,2023-11-12,811.1094181314603
438,2023-06-13,34.72063630557882
438,2023-11-28,748.2052996179309
438,2024-01-20,139.08055356020063
438,2024-01-29,952.5554718572157
439,2023-06-07,503.6833176100363
439,2023-06-15,48.286038433135126
439,2023-06-21,992.9031772918843
439,2023-08-31,85.87256738966744
440,2023-01-06,59.88390348091009
440,2023-07-26,223.93455933390433
440,2023-09-14,699.9583365723587
441,2023-04-30,165.81802065635918
441,2023-05-16,17.151234146151463
441,2023-11-14,248.8982483671932
441,2023-12-17,915.4702074443312
442,2023-03-14,384.3322633096413
442,2023-07-20,865.7112557723266
443,2023-04-28,897.9242118883323
443,2023-05-03,904.5606714865675
443,2023-07-20,611.8673069377148
443,2023-09-03,233.0228272752235
443,2023-11-15,766.9758660293242
443,2024-01-31,317.20874002393265
444,2023-12-09,624.2420688059485
445,2023-05-06,360.86078512952025
445,2023-05-15,479.67179751917786
445,2023-06-03,605.145295799249
446,2023-01-29,497.77704979214235
446,2023-03-27,592.4140359663336
446,2023-07-22,248.83547728162145
446,2023-08-18,12.211689839851468
446,2023-09-10,856.2286889890694
446,2023-10-13,466.87793895994076
446,2023-10-15,124.55569192439535
447,2023-01-18,940.2472633173954
447,2023-01-20,301.754060266174
447,2023-04-20,934.2731772102917
447,2023-05-19,116.59771391447299
447,2024-01-11,486.2215049373149
447,2024-02-03,707.8402179456066
448,2023-06-06,592.9999240704446
448,2023-08-08,454.22853090245405
448,2023-10-21,893.3017664756621
448,2023-11-13,511.0136071879846
449,2023-06-21,444.089905158067
449,2023-07-10,810.838404081999
449,2023-10-21,984.4429961009981
450,2023-03-01,128.91244061698342
450,2023-10-30,910.2923765654912
451,2023-07-06,234.9294287598905
451,2023-09-26,581.9590580398294
451,2023-10-10,26.76805163208033
452,2023-01-03,64.95183284760219
452,2023-03-15,883.1831540186679
452,2023-04-05,224.64812493561212
452,2023-11-09,786.1350101428508
453,2023-01-09,414.9945772197157
453,2023-01-26,520.3668480933533
453,2023-02-23,598.0208348819876
453,2023-04-25,292.0299123384232
453,2023-05-04,416.67018753661904
453,2023-06-09,719.1373350543707
453,2023-06-29,137.70845864590933
453,2023-08-25,784.7650984798512
454,2023-02-17,510.11775595329283
454,2023-04-15,369.3872014679088
454,2023-05-18,671.6870602622632
454,2023-05-26,944.832480635104
454,2023-07-18,327.3657911589158
454,2023-08-12,925.0165545993736
454,2023-12-30,458.5058899628819
455,2023-03-28,631.6459469741666
455,2023-04-10,762.2698938462738
455,2023-09-21,873.143645576287
455,2023-11-06,840.662017431264
455,2023-11-26,345.5828837928111
455,2024-01-12,320.1636899159188
456,2023-02-14,363.8401231933631
456,2023-05-23,35.05864799333155
456,2023-05-31,540.9595074145062
456,2023-07-17,213.4689860360143
456,2023-08-22,572.1605141943554
456,2023-10-20,904.5410993245162
456,2023-12-12,72.74193230816765
456,2023-12-15,518.90737323245
457,2023-03-02,441.61743738531715
457,2023-05-06,927.345152896088
457,2023-10-02,625.5366418400105
457,2023-12-31,687.1104486963363
458,2023-02-11,950.1828737464937
458,2023-08-02,808.2073833309847
459,2023-01-29,204.1416499092323
459,2023-09-05,282.73899753903316
461,2023-03-12,468.69183187567666
461,2024-01-21,754.3000741684909
461,2024-01-23,410.18623260344816
462,2023-06-30,785.6212525738044
462,2023-12-17,802.1526937230108
462,2024-01-17,918.2552271062416
463,2023-02-27,306.58693155101224
463,2023-04-05,130.19713801064336
463,2023-08-02,578.3605323647452
463,2024-01-19,418.98718022917285
464,2023-03-23,172.15549634430803
464,2023-07-27,587.9899617352817
464,2023-08-02,67.94732585545034
464,2024-01-24,576.8271077802569
465,2023-01-19,390.63287866806
465,2023-02-23,653.8594581830797
465,2023-04-10,129.14594255043784
466,2023-04-02,262.9747504187395
466,2023-12-06,703.3285543692288
467,2023-03-23,840.3159066434976
467,2023-06-26,149.03926130911185
467,2023-11-21,615.5395809846126
468,2023-02-03,191.95703807315036
468,2023-02-16,661.3965107474663
468,2023-02-28,86.50375368443873
468,2023-03-15,971.0794335051313
468,2023-03-19,336.19368170236385
468,2023-12-19,402.405653772476
469,2023-02-10,759.0638828466618
469,2023-04-25,348.56612258804284
469,2023-07-05,342.39523204687754
470,2023-03-10,90.62770482673602
471,2023-07-06,650.1447018900683
471,2023-09-01,516.2888663565398
471,2023-10-24,639.0588360545103
472,2023-01-13,893.8176889519888
472,2023-09-08,18.424182187140826
472,2023-09-09,15.555969415738454
472,2023-10-03,584.5777337133064
472,2023-12-26,363.2125836868275
473,2023-02-22,941.7695541747966
473,2023-11-03,872.3161953714633
473,2024-01-03,735.662724655284
474,2023-04-19,768.6372955962073
474,2023-08-25,265.73827301740494
474,2023-12-17,580.9051314206753
475,2024-01-28,733.528343773319
476,2023-02-22,27.525039415010106
476,2023-04-24,523.6889190271785
476,2023-09-16,942.622041403202
476,2023-11-17,861.2099695974151
476,2024-01-31,976.1135806956821
477,2023-03-17,16.071675739729308
477,2023-09-25,660.7757045474883
477,2023-09-28,458.4677562631245
477,2023-10-02,404.5811889100145
477,2023-10-27,862.7681770707858
478,2023-08-11,875.8339881889369
478,2023-09-16,545.4030213524819
478,2023-11-21,442.38413522126564
478,2024-01-01,362.37855156164295
479,2023-02-01,849.3297339236035
479,2023-03-14,821.3361663104076
479,2023-11-05,296.84112552558304
480,2023-02-20,407.9284926919087
480,2023-03-12,12.971878627028982
480,2023-07-21,338.3389481857262
481,2023-02-05,406.8142086676416
481,2023-02-19,632.8898063845531
481,2023-03-23,176.04680770073082
481,2023-03-30,801.3127610951599
481,2023-07-24,646.3247003588324
481,2023-11-23,609.6122901117287
482,2023-02-20,424.193288693772
482,2023-03-07,494.87721396258416
483,2023-05-25,325.58340550219816
483,2023-07-14,928.3593975034039
483,2023-12-29,422.1701092927083
483,2024-01-13,324.3318517091635
484,2023-04-20,681.0119486401579
484,2023-06-08,213.50966500847701
484,2023-12-13,585.7062091082843
485,2023-01-28,153.49032575335
485,2023-03-15,47.97733960008106
485,2023-03-29,177.29462964484995
485,2023-09-12,578.9646414772528
485,2023-10-09,171.73885221891268
486,2023-08-16,218.73597850012567
486,2023-10-18,13.81806124187792
486,2023-10-21,971.7286052942155
486,2023-11-14,683.4905639196721
486,2024-01-03,147.30269218594117
487,2023-03-19,421.0032089861951
487,2023-06-04,280.2472044339508
487,2023-06-12,912.8970039795948
487,2023-08-12,573.2290423954803
487,2023-10-05,797.0655391278175
487,2023-10-10,413.93314739644086
489,2023-03-07,303.50402377643593
489,2023-04-16,206.52995907075754
489,2023-06-21,705.1025731801426
490,2023-03-09,925.7986345806543
490,2023-04-17,845.0673293819742
490,2023-07-31,857.3213328288131
490,2023-08-25,935.2180357169874
490,2023-10-14,305.08540944908987
490,2023-12-14,288.161866192831
491,2023-01-01,284.2383013425161
491,2023-03-22,719.9795476590401
491,2023-06-06,159.70011826789514
491,2023-06-12,435.19479711351875
491,2023-09-16,928.9773476658316
491,2023-12-02,991.9868760384963
491,2023-12-16,916.4030892831977
491,2023-12-18,579.7245209188738
491,2024-01-15,26.08984444342617
491,2024-01-23,995.6150869111223
491,2024-02-02,739.516719138837
492,2023-01-20,943.950083092832
492,2023-02-11,161.02681319187258
492,2023-09-05,294.6976552318784
492,2023-10-03,774.8917146096297
493,2023-04-12,546.2932788722146
493,2023-07-27,323.71147360336636
494,2023-01-09,344.7912077641146
494,2023-02-13,527.1854298733517
494,2023-03-04,953.7648363469266
494,2023-06-04,141.91131610113618
494,2023-07-29,955.7083281527512
494,2023-12-19,343.91829497174484
495,2023-02-03,140.65675895727352
495,2023-07-13,664.7315311541303
495,2024-01-28,444.00845441368295
496,2023-03-11,751.4483796529069
496,2023-06-22,225.31734822760117
496,2023-07-13,991.3565952342575
496,2023-12-24,257.5644928708694
497,2023-01-20,883.2028831385354
497,2023-03-25,977.4591083161449
497,2023-08-06,406.40052882075855
497,2023-09-12,956.0008788436242
497,2023-10-14,231.51951440730474
498,2023-03-05,457.01243441737387
498,2023-03-29,72.50292174929814
498,2023-05-17,858.2803406479014
498,2023-11-05,221.29787586129555
498,2023-11-17,857.707505353934
498,2023-12-03,666.3341266323197
498,2023-12-12,474.8339257975233
499,2023-08-09,647.4776846079446
499,2023-09-27,718.6214716618986
499,2023-10-18,169.8127039523091
499,2024-01-08,664.4066945083941
500,2023-04-10,558.3718143264459
500,2023-06-05,446.1960922169461
500,2023-06-15,46.62371394656639
500,2023-06-21,368.898178803623
500,2023-07-05,384.11858769737927
500,2023-09-09,405.6268276407292
500,2023-10-11,316.17372304342103
500,2023-11-08,751.6076155649116
500,2023-11-15,986.9528286790568
